Id,Type,Vessel,Dir,Origin,Destination,Dep_Date,Arr_Date,Code,Trip ID
1,CHOPPER,HN,OUT,UTP,JAS,2025-02-01,2025-02-01,N-OUT,C-HN-UTP:02/01 > JAS:02/01
2,CHOPPER,HN,IN,JAS,UTP,2025-02-01,2025-02-01,N-IN,C-HN-JAS:02/01 > UTP:02/01
3,CHOPPER,HN,OUT,UTP,MNA,2025-02-01,2025-02-01,N-OUT,C-HN-UTP:02/01 > MNA:02/01
4,CHOPPER,HN,IN,MNA,UTP,2025-02-01,2025-02-01,N-IN,C-HN-MNA:02/01 > UTP:02/01
5,CHOPPER,HN,OUT,UTP,JAS,2025-02-03,2025-02-03,N-OUT,C-HN-UTP:02/03 > JAS:02/03
6,CHOPPER,HN,IN,JAS,UTP,2025-02-03,2025-02-03,N-IN,C-HN-JAS:02/03 > UTP:02/03
7,CHOPPER,HN,OUT,UTP,MNA,2025-02-03,2025-02-03,N-OUT,C-HN-UTP:02/03 > MNA:02/03
8,CHOPPER,HN,IN,MNA,UTP,2025-02-03,2025-02-03,N-IN,C-HN-MNA:02/03 > UTP:02/03
9,CHOPPER,HS,OUT,SKL,NY,2025-02-05,2025-02-05,S-OUT,C-HS-SKL:02/05 > NY:02/05
10,CHOPPER,HS,IN,NY,SKL,2025-02-05,2025-02-05,S-IN,C-HS-NY:02/05 > SKL:02/05
11,CHOPPER,HS,OUT,SKL,WN,2025-02-05,2025-02-05,S-OUT,C-HS-SKL:02/05 > WN:02/05
12,CHOPPER,HS,IN,WN,SKL,2025-02-05,2025-02-05,S-IN,C-HS-WN:02/05 > SKL:02/05
13,CHOPPER,HS,OUT,SKL,WN,2025-02-07,2025-02-07,S-OUT,C-HS-SKL:02/07 > WN:02/07
14,CHOPPER,HS,IN,WN,SKL,2025-02-07,2025-02-07,S-IN,C-HS-WN:02/07 > SKL:02/07
15,CHOPPER,HN,OUT,UTP,JAS,2025-02-08,2025-02-08,N-OUT,C-HN-UTP:02/08 > JAS:02/08
16,CHOPPER,HN,IN,JAS,UTP,2025-02-08,2025-02-08,N-IN,C-HN-JAS:02/08 > UTP:02/08
17,CHOPPER,HN,OUT,UTP,MNA,2025-02-08,2025-02-08,N-OUT,C-HN-UTP:02/08 > MNA:02/08
18,CHOPPER,HN,IN,MNA,UTP,2025-02-08,2025-02-08,N-IN,C-HN-MNA:02/08 > UTP:02/08
19,CHOPPER,HS,OUT,SKL,NY,2025-02-08,2025-02-08,S-OUT,C-HS-SKL:02/08 > NY:02/08
20,CHOPPER,HS,IN,NY,SKL,2025-02-08,2025-02-08,S-IN,C-HS-NY:02/08 > SKL:02/08
21,CHOPPER,HN,OUT,UTP,JAS,2025-02-10,2025-02-10,N-OUT,C-HN-UTP:02/10 > JAS:02/10
22,CHOPPER,HN,IN,JAS,UTP,2025-02-10,2025-02-10,N-IN,C-HN-JAS:02/10 > UTP:02/10
23,CHOPPER,HS,OUT,SKL,NY,2025-02-12,2025-02-12,S-OUT,C-HS-SKL:02/12 > NY:02/12
24,CHOPPER,HS,IN,NY,SKL,2025-02-12,2025-02-12,S-IN,C-HS-NY:02/12 > SKL:02/12
25,CHOPPER,HS,OUT,SKL,WN,2025-02-12,2025-02-12,S-OUT,C-HS-SKL:02/12 > WN:02/12
26,CHOPPER,HS,IN,WN,SKL,2025-02-12,2025-02-12,S-IN,C-HS-WN:02/12 > SKL:02/12
27,CHOPPER,HN,OUT,UTP,JAS,2025-02-13,2025-02-13,N-OUT,C-HN-UTP:02/13 > JAS:02/13
28,CHOPPER,HN,IN,JAS,UTP,2025-02-13,2025-02-13,N-IN,C-HN-JAS:02/13 > UTP:02/13
29,CHOPPER,HS,OUT,SKL,WN,2025-02-14,2025-02-14,S-OUT,C-HS-SKL:02/14 > WN:02/14
30,CHOPPER,HS,IN,WN,SKL,2025-02-14,2025-02-14,S-IN,C-HS-WN:02/14 > SKL:02/14
31,CHOPPER,HN,OUT,UTP,JAS,2025-02-15,2025-02-15,N-OUT,C-HN-UTP:02/15 > JAS:02/15
32,CHOPPER,HN,IN,JAS,UTP,2025-02-15,2025-02-15,N-IN,C-HN-JAS:02/15 > UTP:02/15
33,CHOPPER,HN,OUT,UTP,MNA,2025-02-15,2025-02-15,N-OUT,C-HN-UTP:02/15 > MNA:02/15
34,CHOPPER,HN,FT,MNA,JAS,2025-02-15,2025-02-15,N-FT,C-HN-MNA:02/15 > JAS:02/15
35,CHOPPER,HN,OUT,UTP,JAS,2025-02-17,2025-02-17,N-OUT,C-HN-UTP:02/17 > JAS:02/17
36,CHOPPER,HN,IN,JAS,UTP,2025-02-17,2025-02-17,N-IN,C-HN-JAS:02/17 > UTP:02/17
37,CHOPPER,HN,OUT,UTP,MNA,2025-02-17,2025-02-17,N-OUT,C-HN-UTP:02/17 > MNA:02/17
38,CHOPPER,HN,IN,MNA,UTP,2025-02-17,2025-02-17,N-IN,C-HN-MNA:02/17 > UTP:02/17
39,CHOPPER,HS,OUT,SKL,NY,2025-02-19,2025-02-19,S-OUT,C-HS-SKL:02/19 > NY:02/19
40,CHOPPER,HS,IN,NY,SKL,2025-02-19,2025-02-19,S-IN,C-HS-NY:02/19 > SKL:02/19
41,CHOPPER,HS,OUT,SKL,WN,2025-02-19,2025-02-19,S-OUT,C-HS-SKL:02/19 > WN:02/19
42,CHOPPER,HS,IN,WN,SKL,2025-02-19,2025-02-19,S-IN,C-HS-WN:02/19 > SKL:02/19
43,CHOPPER,HN,OUT,UTP,JAS,2025-02-22,2025-02-22,N-OUT,C-HN-UTP:02/22 > JAS:02/22
44,CHOPPER,HN,IN,JAS,UTP,2025-02-22,2025-02-22,N-IN,C-HN-JAS:02/22 > UTP:02/22
45,CHOPPER,HN,OUT,UTP,MNA,2025-02-22,2025-02-22,N-OUT,C-HN-UTP:02/22 > MNA:02/22
46,CHOPPER,HN,IN,MNA,UTP,2025-02-22,2025-02-22,N-IN,C-HN-MNA:02/22 > UTP:02/22
47,CHOPPER,HS,OUT,SKL,NY,2025-02-22,2025-02-22,S-OUT,C-HS-SKL:02/22 > NY:02/22
48,CHOPPER,HS,IN,NY,SKL,2025-02-22,2025-02-22,S-IN,C-HS-NY:02/22 > SKL:02/22
49,CHOPPER,HN,OUT,UTP,JAS,2025-02-24,2025-02-24,N-OUT,C-HN-UTP:02/24 > JAS:02/24
50,CHOPPER,HN,IN,JAS,UTP,2025-02-24,2025-02-24,N-IN,C-HN-JAS:02/24 > UTP:02/24
51,CHOPPER,HS,OUT,SKL,NY,2025-02-26,2025-02-26,S-OUT,C-HS-SKL:02/26 > NY:02/26
52,CHOPPER,HS,IN,NY,SKL,2025-02-26,2025-02-26,S-IN,C-HS-NY:02/26 > SKL:02/26
53,CHOPPER,HS,OUT,SKL,WN,2025-02-26,2025-02-26,S-OUT,C-HS-SKL:02/26 > WN:02/26
54,CHOPPER,HS,IN,WN,SKL,2025-02-26,2025-02-26,S-IN,C-HS-WN:02/26 > SKL:02/26
55,CHOPPER,HN,OUT,UTP,JAS,2025-02-27,2025-02-27,N-OUT,C-HN-UTP:02/27 > JAS:02/27
56,CHOPPER,HN,IN,JAS,UTP,2025-02-27,2025-02-27,N-IN,C-HN-JAS:02/27 > UTP:02/27
57,CHOPPER,HS,OUT,SKL,WN,2025-02-28,2025-02-28,S-OUT,C-HS-SKL:02/28 > WN:02/28
58,CHOPPER,HS,IN,WN,SKL,2025-02-28,2025-02-28,S-IN,C-HS-WN:02/28 > SKL:02/28
59,CHOPPER,HN,OUT,UTP,JAS,2025-03-01,2025-03-01,N-OUT,C-HN-UTP:03/01 > JAS:03/01
60,CHOPPER,HN,IN,JAS,UTP,2025-03-01,2025-03-01,N-IN,C-HN-JAS:03/01 > UTP:03/01
61,CHOPPER,HN,OUT,UTP,MNA,2025-03-01,2025-03-01,N-OUT,C-HN-UTP:03/01 > MNA:03/01
62,CHOPPER,HN,IN,MNA,UTP,2025-03-01,2025-03-01,N-IN,C-HN-MNA:03/01 > UTP:03/01
63,CHOPPER,HS,OUT,SKL,NY,2025-03-01,2025-03-01,S-OUT,C-HS-SKL:03/01 > NY:03/01
64,CHOPPER,HS,IN,NY,SKL,2025-03-01,2025-03-01,S-IN,C-HS-NY:03/01 > SKL:03/01
65,CHOPPER,HS,OUT,SKL,NY,2025-03-05,2025-03-05,S-OUT,C-HS-SKL:03/05 > NY:03/05
66,CHOPPER,HS,IN,NY,SKL,2025-03-05,2025-03-05,S-IN,C-HS-NY:03/05 > SKL:03/05
67,CHOPPER,HS,OUT,SKL,WN,2025-03-05,2025-03-05,S-OUT,C-HS-SKL:03/05 > WN:03/05
68,CHOPPER,HS,IN,WN,SKL,2025-03-05,2025-03-05,S-IN,C-HS-WN:03/05 > SKL:03/05
69,CHOPPER,HN,OUT,UTP,JAS,2025-03-06,2025-03-06,N-OUT,C-HN-UTP:03/06 > JAS:03/06
70,CHOPPER,HN,IN,JAS,UTP,2025-03-06,2025-03-06,N-IN,C-HN-JAS:03/06 > UTP:03/06
71,CHOPPER,HS,OUT,SKL,WN,2025-03-07,2025-03-07,S-OUT,C-HS-SKL:03/07 > WN:03/07
72,CHOPPER,HS,IN,WN,SKL,2025-03-07,2025-03-07,S-IN,C-HS-WN:03/07 > SKL:03/07
73,CHOPPER,HN,OUT,UTP,JAS,2025-03-08,2025-03-08,N-OUT,C-HN-UTP:03/08 > JAS:03/08
74,CHOPPER,HN,IN,JAS,UTP,2025-03-08,2025-03-08,N-IN,C-HN-JAS:03/08 > UTP:03/08
75,CHOPPER,HN,OUT,UTP,MNA,2025-03-08,2025-03-08,N-OUT,C-HN-UTP:03/08 > MNA:03/08
76,CHOPPER,HN,IN,MNA,UTP,2025-03-08,2025-03-08,N-IN,C-HN-MNA:03/08 > UTP:03/08
77,CHOPPER,HS,OUT,SKL,NY,2025-03-08,2025-03-08,S-OUT,C-HS-SKL:03/08 > NY:03/08
78,CHOPPER,HS,IN,NY,SKL,2025-03-08,2025-03-08,S-IN,C-HS-NY:03/08 > SKL:03/08
79,CHOPPER,HN,OUT,UTP,JAS,2025-03-10,2025-03-10,N-OUT,C-HN-UTP:03/10 > JAS:03/10
80,CHOPPER,HN,IN,JAS,UTP,2025-03-10,2025-03-10,N-IN,C-HN-JAS:03/10 > UTP:03/10
81,CHOPPER,HS,OUT,SKL,NY,2025-03-12,2025-03-12,S-OUT,C-HS-SKL:03/12 > NY:03/12
82,CHOPPER,HS,IN,NY,SKL,2025-03-12,2025-03-12,S-IN,C-HS-NY:03/12 > SKL:03/12
83,CHOPPER,HS,OUT,SKL,WN,2025-03-12,2025-03-12,S-OUT,C-HS-SKL:03/12 > WN:03/12
84,CHOPPER,HS,IN,WN,SKL,2025-03-12,2025-03-12,S-IN,C-HS-WN:03/12 > SKL:03/12
85,CHOPPER,HN,OUT,UTP,JAS,2025-03-13,2025-03-13,N-OUT,C-HN-UTP:03/13 > JAS:03/13
86,CHOPPER,HN,IN,JAS,UTP,2025-03-13,2025-03-13,N-IN,C-HN-JAS:03/13 > UTP:03/13
87,CHOPPER,HS,OUT,SKL,WN,2025-03-14,2025-03-14,S-OUT,C-HS-SKL:03/14 > WN:03/14
88,CHOPPER,HS,IN,WN,SKL,2025-03-14,2025-03-14,S-IN,C-HS-WN:03/14 > SKL:03/14
89,CHOPPER,HN,OUT,UTP,JAS,2025-03-15,2025-03-15,N-OUT,C-HN-UTP:03/15 > JAS:03/15
90,CHOPPER,HN,IN,JAS,UTP,2025-03-15,2025-03-15,N-IN,C-HN-JAS:03/15 > UTP:03/15
91,CHOPPER,HN,OUT,UTP,MNA,2025-03-15,2025-03-15,N-OUT,C-HN-UTP:03/15 > MNA:03/15
92,CHOPPER,HN,IN,MNA,UTP,2025-03-15,2025-03-15,N-IN,C-HN-MNA:03/15 > UTP:03/15
93,CHOPPER,HN,OUT,UTP,JAS,2025-03-17,2025-03-17,N-OUT,C-HN-UTP:03/17 > JAS:03/17
94,CHOPPER,HN,IN,JAS,UTP,2025-03-17,2025-03-17,N-IN,C-HN-JAS:03/17 > UTP:03/17
95,CHOPPER,HN,OUT,UTP,MNA,2025-03-17,2025-03-17,N-OUT,C-HN-UTP:03/17 > MNA:03/17
96,CHOPPER,HN,IN,MNA,UTP,2025-03-17,2025-03-17,N-IN,C-HN-MNA:03/17 > UTP:03/17
97,CHOPPER,HS,OUT,SKL,NY,2025-03-19,2025-03-19,S-OUT,C-HS-SKL:03/19 > NY:03/19
98,CHOPPER,HS,IN,NY,SKL,2025-03-19,2025-03-19,S-IN,C-HS-NY:03/19 > SKL:03/19
99,CHOPPER,HS,OUT,SKL,WN,2025-03-19,2025-03-19,S-OUT,C-HS-SKL:03/19 > WN:03/19
100,CHOPPER,HS,IN,WN,SKL,2025-03-19,2025-03-19,S-IN,C-HS-WN:03/19 > SKL:03/19
101,CHOPPER,HN,OUT,UTP,JAS,2025-03-22,2025-03-22,N-OUT,C-HN-UTP:03/22 > JAS:03/22
102,CHOPPER,HN,IN,JAS,UTP,2025-03-22,2025-03-22,N-IN,C-HN-JAS:03/22 > UTP:03/22
103,CHOPPER,HN,OUT,UTP,MNA,2025-03-22,2025-03-22,N-OUT,C-HN-UTP:03/22 > MNA:03/22
104,CHOPPER,HN,IN,MNA,UTP,2025-03-22,2025-03-22,N-IN,C-HN-MNA:03/22 > UTP:03/22
105,CHOPPER,HS,OUT,SKL,NY,2025-03-22,2025-03-22,S-OUT,C-HS-SKL:03/22 > NY:03/22
106,CHOPPER,HS,IN,NY,SKL,2025-03-22,2025-03-22,S-IN,C-HS-NY:03/22 > SKL:03/22
107,CHOPPER,HN,OUT,UTP,JAS,2025-03-24,2025-03-24,N-OUT,C-HN-UTP:03/24 > JAS:03/24
108,CHOPPER,HN,IN,JAS,UTP,2025-03-24,2025-03-24,N-IN,C-HN-JAS:03/24 > UTP:03/24
109,CHOPPER,HS,OUT,SKL,NY,2025-03-26,2025-03-26,S-OUT,C-HS-SKL:03/26 > NY:03/26
110,CHOPPER,HS,IN,NY,SKL,2025-03-26,2025-03-26,S-IN,C-HS-NY:03/26 > SKL:03/26
111,CHOPPER,HS,OUT,SKL,WN,2025-03-26,2025-03-26,S-OUT,C-HS-SKL:03/26 > WN:03/26
112,CHOPPER,HS,IN,WN,SKL,2025-03-26,2025-03-26,S-IN,C-HS-WN:03/26 > SKL:03/26
113,CHOPPER,HN,OUT,UTP,JAS,2025-03-27,2025-03-27,N-OUT,C-HN-UTP:03/27 > JAS:03/27
114,CHOPPER,HN,IN,JAS,UTP,2025-03-27,2025-03-27,N-IN,C-HN-JAS:03/27 > UTP:03/27
115,CHOPPER,HS,OUT,SKL,WN,2025-03-28,2025-03-28,S-OUT,C-HS-SKL:03/28 > WN:03/28
116,CHOPPER,HS,IN,WN,SKL,2025-03-28,2025-03-28,S-IN,C-HS-WN:03/28 > SKL:03/28
117,CHOPPER,HN,OUT,UTP,JAS,2025-03-29,2025-03-29,N-OUT,C-HN-UTP:03/29 > JAS:03/29
118,CHOPPER,HN,IN,JAS,UTP,2025-03-29,2025-03-29,N-IN,C-HN-JAS:03/29 > UTP:03/29
119,CHOPPER,HN,OUT,UTP,MNA,2025-03-29,2025-03-29,N-OUT,C-HN-UTP:03/29 > MNA:03/29
120,CHOPPER,HN,IN,MNA,UTP,2025-03-29,2025-03-29,N-IN,C-HN-MNA:03/29 > UTP:03/29
121,CHOPPER,HN,OUT,UTP,JAS,2025-03-31,2025-03-31,N-OUT,C-HN-UTP:03/31 > JAS:03/31
122,CHOPPER,HN,IN,JAS,UTP,2025-03-31,2025-03-31,N-IN,C-HN-JAS:03/31 > UTP:03/31
123,CHOPPER,HN,OUT,UTP,MNA,2025-03-31,2025-03-31,N-OUT,C-HN-UTP:03/31 > MNA:03/31
124,CHOPPER,HN,IN,MNA,UTP,2025-03-31,2025-03-31,N-IN,C-HN-MNA:03/31 > UTP:03/31
125,CHOPPER,HS,OUT,SKL,NY,2025-04-01,2025-04-01,S-OUT,C-HS-SKL:04/01 > NY:04/01
126,CHOPPER,HS,IN,NY,SKL,2025-04-01,2025-04-01,S-IN,C-HS-NY:04/01 > SKL:04/01
127,CHOPPER,HS,OUT,SKL,NY,2025-04-02,2025-04-02,S-OUT,C-HS-SKL:04/02 > NY:04/02
128,CHOPPER,HS,IN,NY,SKL,2025-04-02,2025-04-02,S-IN,C-HS-NY:04/02 > SKL:04/02
129,CHOPPER,HS,OUT,SKL,WN,2025-04-02,2025-04-02,S-OUT,C-HS-SKL:04/02 > WN:04/02
130,CHOPPER,HS,IN,WN,SKL,2025-04-02,2025-04-02,S-IN,C-HS-WN:04/02 > SKL:04/02
131,CHOPPER,HS,OUT,SKL,WN,2025-04-04,2025-04-04,S-OUT,C-HS-SKL:04/04 > WN:04/04
132,CHOPPER,HS,IN,WN,SKL,2025-04-04,2025-04-04,S-IN,C-HS-WN:04/04 > SKL:04/04
133,CHOPPER,HN,OUT,UTP,JAS,2025-04-05,2025-04-05,N-OUT,C-HN-UTP:04/05 > JAS:04/05
134,CHOPPER,HN,IN,JAS,UTP,2025-04-05,2025-04-05,N-IN,C-HN-JAS:04/05 > UTP:04/05
135,CHOPPER,HN,OUT,UTP,MNA,2025-04-05,2025-04-05,N-OUT,C-HN-UTP:04/05 > MNA:04/05
136,CHOPPER,HN,IN,MNA,UTP,2025-04-05,2025-04-05,N-IN,C-HN-MNA:04/05 > UTP:04/05
137,CHOPPER,HS,OUT,SKL,NY,2025-04-05,2025-04-05,S-OUT,C-HS-SKL:04/05 > NY:04/05
138,CHOPPER,HS,IN,NY,SKL,2025-04-05,2025-04-05,S-IN,C-HS-NY:04/05 > SKL:04/05
139,CHOPPER,HN,OUT,UTP,JAS,2025-04-07,2025-04-07,N-OUT,C-HN-UTP:04/07 > JAS:04/07
140,CHOPPER,HN,IN,JAS,UTP,2025-04-07,2025-04-07,N-IN,C-HN-JAS:04/07 > UTP:04/07
141,CHOPPER,HS,OUT,SKL,NY,2025-04-09,2025-04-09,S-OUT,C-HS-SKL:04/09 > NY:04/09
142,CHOPPER,HS,IN,NY,SKL,2025-04-09,2025-04-09,S-IN,C-HS-NY:04/09 > SKL:04/09
143,CHOPPER,HS,OUT,SKL,WN,2025-04-09,2025-04-09,S-OUT,C-HS-SKL:04/09 > WN:04/09
144,CHOPPER,HS,IN,WN,SKL,2025-04-09,2025-04-09,S-IN,C-HS-WN:04/09 > SKL:04/09
145,CHOPPER,HN,OUT,UTP,JAS,2025-04-10,2025-04-10,N-OUT,C-HN-UTP:04/10 > JAS:04/10
146,CHOPPER,HN,IN,JAS,UTP,2025-04-10,2025-04-10,N-IN,C-HN-JAS:04/10 > UTP:04/10
147,CHOPPER,HS,OUT,SKL,WN,2025-04-11,2025-04-11,S-OUT,C-HS-SKL:04/11 > WN:04/11
148,CHOPPER,HS,IN,WN,SKL,2025-04-11,2025-04-11,S-IN,C-HS-WN:04/11 > SKL:04/11
149,CHOPPER,HN,OUT,UTP,JAS,2025-04-12,2025-04-12,N-OUT,C-HN-UTP:04/12 > JAS:04/12
150,CHOPPER,HN,IN,JAS,UTP,2025-04-12,2025-04-12,N-IN,C-HN-JAS:04/12 > UTP:04/12
151,CHOPPER,HN,OUT,UTP,MNA,2025-04-12,2025-04-12,N-OUT,C-HN-UTP:04/12 > MNA:04/12
152,CHOPPER,HN,IN,MNA,UTP,2025-04-12,2025-04-12,N-IN,C-HN-MNA:04/12 > UTP:04/12
153,CHOPPER,HS,OUT,SKL,NY,2025-04-12,2025-04-12,S-OUT,C-HS-SKL:04/12 > NY:04/12
154,CHOPPER,HS,IN,NY,SKL,2025-04-12,2025-04-12,S-IN,C-HS-NY:04/12 > SKL:04/12
155,CHOPPER,HN,OUT,UTP,JAS,2025-04-14,2025-04-14,N-OUT,C-HN-UTP:04/14 > JAS:04/14
156,CHOPPER,HN,IN,JAS,UTP,2025-04-14,2025-04-14,N-IN,C-HN-JAS:04/14 > UTP:04/14
157,CHOPPER,HN,OUT,UTP,MNA,2025-04-14,2025-04-14,N-OUT,C-HN-UTP:04/14 > MNA:04/14
158,CHOPPER,HN,IN,MNA,UTP,2025-04-14,2025-04-14,N-IN,C-HN-MNA:04/14 > UTP:04/14
159,CHOPPER,HS,OUT,SKL,NY,2025-04-16,2025-04-16,S-OUT,C-HS-SKL:04/16 > NY:04/16
160,CHOPPER,HS,IN,NY,SKL,2025-04-16,2025-04-16,S-IN,C-HS-NY:04/16 > SKL:04/16
161,CHOPPER,HS,OUT,SKL,WN,2025-04-16,2025-04-16,S-OUT,C-HS-SKL:04/16 > WN:04/16
162,CHOPPER,HS,IN,WN,SKL,2025-04-16,2025-04-16,S-IN,C-HS-WN:04/16 > SKL:04/16
163,CHOPPER,HN,OUT,UTP,JAS,2025-04-17,2025-04-17,N-OUT,C-HN-UTP:04/17 > JAS:04/17
164,CHOPPER,HN,IN,JAS,UTP,2025-04-17,2025-04-17,N-IN,C-HN-JAS:04/17 > UTP:04/17
165,CHOPPER,HN,OUT,UTP,JAS,2025-04-19,2025-04-19,N-OUT,C-HN-UTP:04/19 > JAS:04/19
166,CHOPPER,HN,IN,JAS,UTP,2025-04-19,2025-04-19,N-IN,C-HN-JAS:04/19 > UTP:04/19
167,CHOPPER,HN,OUT,UTP,MNA,2025-04-19,2025-04-19,N-OUT,C-HN-UTP:04/19 > MNA:04/19
168,CHOPPER,HN,IN,MNA,UTP,2025-04-19,2025-04-19,N-IN,C-HN-MNA:04/19 > UTP:04/19
169,CHOPPER,HS,OUT,SKL,NY,2025-04-19,2025-04-19,S-OUT,C-HS-SKL:04/19 > NY:04/19
170,CHOPPER,HS,IN,NY,SKL,2025-04-19,2025-04-19,S-IN,C-HS-NY:04/19 > SKL:04/19
171,CHOPPER,HN,OUT,UTP,JAS,2025-04-21,2025-04-21,N-OUT,C-HN-UTP:04/21 > JAS:04/21
172,CHOPPER,HN,IN,JAS,UTP,2025-04-21,2025-04-21,N-IN,C-HN-JAS:04/21 > UTP:04/21
173,CHOPPER,HS,OUT,SKL,NY,2025-04-23,2025-04-23,S-OUT,C-HS-SKL:04/23 > NY:04/23
174,CHOPPER,HS,IN,NY,SKL,2025-04-23,2025-04-23,S-IN,C-HS-NY:04/23 > SKL:04/23
175,CHOPPER,HS,OUT,SKL,WN,2025-04-23,2025-04-23,S-OUT,C-HS-SKL:04/23 > WN:04/23
176,CHOPPER,HS,IN,WN,SKL,2025-04-23,2025-04-23,S-IN,C-HS-WN:04/23 > SKL:04/23
177,CHOPPER,HN,OUT,UTP,JAS,2025-04-24,2025-04-24,N-OUT,C-HN-UTP:04/24 > JAS:04/24
178,CHOPPER,HN,IN,JAS,UTP,2025-04-24,2025-04-24,N-IN,C-HN-JAS:04/24 > UTP:04/24
179,CHOPPER,HS,OUT,SKL,WN,2025-04-25,2025-04-25,S-OUT,C-HS-SKL:04/25 > WN:04/25
180,CHOPPER,HS,IN,WN,SKL,2025-04-25,2025-04-25,S-IN,C-HS-WN:04/25 > SKL:04/25
181,CHOPPER,HN,OUT,UTP,JAS,2025-04-26,2025-04-26,N-OUT,C-HN-UTP:04/26 > JAS:04/26
182,CHOPPER,HN,IN,JAS,UTP,2025-04-26,2025-04-26,N-IN,C-HN-JAS:04/26 > UTP:04/26
183,CHOPPER,HN,OUT,UTP,MNA,2025-04-26,2025-04-26,N-OUT,C-HN-UTP:04/26 > MNA:04/26
184,CHOPPER,HN,IN,MNA,UTP,2025-04-26,2025-04-26,N-IN,C-HN-MNA:04/26 > UTP:04/26
185,CHOPPER,HN,OUT,UTP,JAS,2025-04-28,2025-04-28,N-OUT,C-HN-UTP:04/28 > JAS:04/28
186,CHOPPER,HN,IN,JAS,UTP,2025-04-28,2025-04-28,N-IN,C-HN-JAS:04/28 > UTP:04/28
187,CHOPPER,HN,OUT,UTP,MNA,2025-04-28,2025-04-28,N-OUT,C-HN-UTP:04/28 > MNA:04/28
188,CHOPPER,HN,IN,MNA,UTP,2025-04-28,2025-04-28,N-IN,C-HN-MNA:04/28 > UTP:04/28
189,CHOPPER,HS,OUT,SKL,NY,2025-04-30,2025-04-30,S-OUT,C-HS-SKL:04/30 > NY:04/30
190,CHOPPER,HS,IN,NY,SKL,2025-04-30,2025-04-30,S-IN,C-HS-NY:04/30 > SKL:04/30
191,CHOPPER,HS,OUT,SKL,WN,2025-04-30,2025-04-30,S-OUT,C-HS-SKL:04/30 > WN:04/30
192,CHOPPER,HS,IN,WN,SKL,2025-04-30,2025-04-30,S-IN,C-HS-WN:04/30 > SKL:04/30
193,CHOPPER,HS,OUT,SKL,WN,2025-05-02,2025-05-02,S-OUT,C-HS-SKL:05/02 > WN:05/02
194,CHOPPER,HS,IN,WN,SKL,2025-05-02,2025-05-02,S-IN,C-HS-WN:05/02 > SKL:05/02
195,CHOPPER,HN,OUT,UTP,JAS,2025-05-03,2025-05-03,N-OUT,C-HN-UTP:05/03 > JAS:05/03
196,CHOPPER,HN,IN,JAS,UTP,2025-05-03,2025-05-03,N-IN,C-HN-JAS:05/03 > UTP:05/03
197,CHOPPER,HN,OUT,UTP,MNA,2025-05-03,2025-05-03,N-OUT,C-HN-UTP:05/03 > MNA:05/03
198,CHOPPER,HN,IN,MNA,UTP,2025-05-03,2025-05-03,N-IN,C-HN-MNA:05/03 > UTP:05/03
199,CHOPPER,HS,OUT,SKL,NY,2025-05-03,2025-05-03,S-OUT,C-HS-SKL:05/03 > NY:05/03
200,CHOPPER,HS,IN,NY,SKL,2025-05-03,2025-05-03,S-IN,C-HS-NY:05/03 > SKL:05/03
201,CHOPPER,HN,OUT,UTP,JAS,2025-05-05,2025-05-05,N-OUT,C-HN-UTP:05/05 > JAS:05/05
202,CHOPPER,HN,IN,JAS,UTP,2025-05-05,2025-05-05,N-IN,C-HN-JAS:05/05 > UTP:05/05
203,CHOPPER,HS,OUT,SKL,NY,2025-05-07,2025-05-07,S-OUT,C-HS-SKL:05/07 > NY:05/07
204,CHOPPER,HS,IN,NY,SKL,2025-05-07,2025-05-07,S-IN,C-HS-NY:05/07 > SKL:05/07
205,CHOPPER,HS,OUT,SKL,WN,2025-05-07,2025-05-07,S-OUT,C-HS-SKL:05/07 > WN:05/07
206,CHOPPER,HS,IN,WN,SKL,2025-05-07,2025-05-07,S-IN,C-HS-WN:05/07 > SKL:05/07
207,CHOPPER,HN,OUT,UTP,JAS,2025-05-08,2025-05-08,N-OUT,C-HN-UTP:05/08 > JAS:05/08
208,CHOPPER,HN,IN,JAS,UTP,2025-05-08,2025-05-08,N-IN,C-HN-JAS:05/08 > UTP:05/08
209,CHOPPER,HS,OUT,SKL,WN,2025-05-09,2025-05-09,S-OUT,C-HS-SKL:05/09 > WN:05/09
210,CHOPPER,HS,IN,WN,SKL,2025-05-09,2025-05-09,S-IN,C-HS-WN:05/09 > SKL:05/09
211,CHOPPER,HN,OUT,UTP,JAS,2025-05-10,2025-05-10,N-OUT,C-HN-UTP:05/10 > JAS:05/10
212,CHOPPER,HN,IN,JAS,UTP,2025-05-10,2025-05-10,N-IN,C-HN-JAS:05/10 > UTP:05/10
213,CHOPPER,HN,OUT,UTP,MNA,2025-05-10,2025-05-10,N-OUT,C-HN-UTP:05/10 > MNA:05/10
214,CHOPPER,HN,IN,MNA,UTP,2025-05-10,2025-05-10,N-IN,C-HN-MNA:05/10 > UTP:05/10
215,CHOPPER,HN,OUT,UTP,JAS,2025-05-12,2025-05-12,N-OUT,C-HN-UTP:05/12 > JAS:05/12
216,CHOPPER,HN,IN,JAS,UTP,2025-05-12,2025-05-12,N-IN,C-HN-JAS:05/12 > UTP:05/12
217,CHOPPER,HN,OUT,UTP,MNA,2025-05-12,2025-05-12,N-OUT,C-HN-UTP:05/12 > MNA:05/12
218,CHOPPER,HN,IN,MNA,UTP,2025-05-12,2025-05-12,N-IN,C-HN-MNA:05/12 > UTP:05/12
219,CHOPPER,HS,OUT,SKL,NY,2025-05-14,2025-05-14,S-OUT,C-HS-SKL:05/14 > NY:05/14
220,CHOPPER,HS,IN,NY,SKL,2025-05-14,2025-05-14,S-IN,C-HS-NY:05/14 > SKL:05/14
221,CHOPPER,HS,OUT,SKL,WN,2025-05-14,2025-05-14,S-OUT,C-HS-SKL:05/14 > WN:05/14
222,CHOPPER,HS,IN,WN,SKL,2025-05-14,2025-05-14,S-IN,C-HS-WN:05/14 > SKL:05/14
223,CHOPPER,HN,OUT,UTP,JAS,2025-05-17,2025-05-17,N-OUT,C-HN-UTP:05/17 > JAS:05/17
224,CHOPPER,HN,IN,JAS,UTP,2025-05-17,2025-05-17,N-IN,C-HN-JAS:05/17 > UTP:05/17
225,CHOPPER,HN,OUT,UTP,MNA,2025-05-17,2025-05-17,N-OUT,C-HN-UTP:05/17 > MNA:05/17
226,CHOPPER,HN,IN,MNA,UTP,2025-05-17,2025-05-17,N-IN,C-HN-MNA:05/17 > UTP:05/17
227,CHOPPER,HS,OUT,SKL,NY,2025-05-17,2025-05-17,S-OUT,C-HS-SKL:05/17 > NY:05/17
228,CHOPPER,HS,IN,NY,SKL,2025-05-17,2025-05-17,S-IN,C-HS-NY:05/17 > SKL:05/17
229,CHOPPER,HN,OUT,UTP,JAS,2025-05-19,2025-05-19,N-OUT,C-HN-UTP:05/19 > JAS:05/19
230,CHOPPER,HN,IN,JAS,UTP,2025-05-19,2025-05-19,N-IN,C-HN-JAS:05/19 > UTP:05/19
231,CHOPPER,HS,OUT,SKL,NY,2025-05-21,2025-05-21,S-OUT,C-HS-SKL:05/21 > NY:05/21
232,CHOPPER,HS,IN,NY,SKL,2025-05-21,2025-05-21,S-IN,C-HS-NY:05/21 > SKL:05/21
233,CHOPPER,HS,OUT,SKL,WN,2025-05-21,2025-05-21,S-OUT,C-HS-SKL:05/21 > WN:05/21
234,CHOPPER,HS,IN,WN,SKL,2025-05-21,2025-05-21,S-IN,C-HS-WN:05/21 > SKL:05/21
235,CHOPPER,HN,OUT,UTP,JAS,2025-05-22,2025-05-22,N-OUT,C-HN-UTP:05/22 > JAS:05/22
236,CHOPPER,HN,IN,JAS,UTP,2025-05-22,2025-05-22,N-IN,C-HN-JAS:05/22 > UTP:05/22
237,CHOPPER,HS,OUT,SKL,WN,2025-05-23,2025-05-23,S-OUT,C-HS-SKL:05/23 > WN:05/23
238,CHOPPER,HS,IN,WN,SKL,2025-05-23,2025-05-23,S-IN,C-HS-WN:05/23 > SKL:05/23
239,CHOPPER,HN,OUT,UTP,JAS,2025-05-24,2025-05-24,N-OUT,C-HN-UTP:05/24 > JAS:05/24
240,CHOPPER,HN,IN,JAS,UTP,2025-05-24,2025-05-24,N-IN,C-HN-JAS:05/24 > UTP:05/24
241,CHOPPER,HN,OUT,UTP,MNA,2025-05-24,2025-05-24,N-OUT,C-HN-UTP:05/24 > MNA:05/24
242,CHOPPER,HN,IN,MNA,UTP,2025-05-24,2025-05-24,N-IN,C-HN-MNA:05/24 > UTP:05/24
243,CHOPPER,HS,OUT,SKL,NY,2025-05-24,2025-05-24,S-OUT,C-HS-SKL:05/24 > NY:05/24
244,CHOPPER,HS,IN,NY,SKL,2025-05-24,2025-05-24,S-IN,C-HS-NY:05/24 > SKL:05/24
245,CHOPPER,HN,OUT,UTP,JAS,2025-05-26,2025-05-26,N-OUT,C-HN-UTP:05/26 > JAS:05/26
246,CHOPPER,HN,IN,JAS,UTP,2025-05-26,2025-05-26,N-IN,C-HN-JAS:05/26 > UTP:05/26
247,CHOPPER,HN,OUT,UTP,MNA,2025-05-26,2025-05-26,N-OUT,C-HN-UTP:05/26 > MNA:05/26
248,CHOPPER,HN,IN,MNA,UTP,2025-05-26,2025-05-26,N-IN,C-HN-MNA:05/26 > UTP:05/26
249,CHOPPER,HS,OUT,SKL,NY,2025-05-28,2025-05-28,S-OUT,C-HS-SKL:05/28 > NY:05/28
250,CHOPPER,HS,IN,NY,SKL,2025-05-28,2025-05-28,S-IN,C-HS-NY:05/28 > SKL:05/28
251,CHOPPER,HS,OUT,SKL,WN,2025-05-28,2025-05-28,S-OUT,C-HS-SKL:05/28 > WN:05/28
252,CHOPPER,HS,IN,WN,SKL,2025-05-28,2025-05-28,S-IN,C-HS-WN:05/28 > SKL:05/28
253,CHOPPER,HN,OUT,UTP,JAS,2025-05-29,2025-05-29,N-OUT,C-HN-UTP:05/29 > JAS:05/29
254,CHOPPER,HN,IN,JAS,UTP,2025-05-29,2025-05-29,N-IN,C-HN-JAS:05/29 > UTP:05/29
255,CHOPPER,HS,OUT,SKL,WN,2025-05-30,2025-05-30,S-OUT,C-HS-SKL:05/30 > WN:05/30
256,CHOPPER,HS,IN,WN,SKL,2025-05-30,2025-05-30,S-IN,C-HS-WN:05/30 > SKL:05/30
257,CHOPPER,HN,OUT,UTP,JAS,2025-05-31,2025-05-31,N-OUT,C-HN-UTP:05/31 > JAS:05/31
258,CHOPPER,HN,IN,JAS,UTP,2025-05-31,2025-05-31,N-IN,C-HN-JAS:05/31 > UTP:05/31
259,CHOPPER,HN,OUT,UTP,MNA,2025-05-31,2025-05-31,N-OUT,C-HN-UTP:05/31 > MNA:05/31
260,CHOPPER,HN,IN,MNA,UTP,2025-05-31,2025-05-31,N-IN,C-HN-MNA:05/31 > UTP:05/31
261,CHOPPER,HS,OUT,SKL,NY,2025-05-31,2025-05-31,S-OUT,C-HS-SKL:05/31 > NY:05/31
262,CHOPPER,HS,IN,NY,SKL,2025-05-31,2025-05-31,S-IN,C-HS-NY:05/31 > SKL:05/31
263,CHOPPER,HN,OUT,UTP,JAS,2025-06-02,2025-06-02,N-OUT,C-HN-UTP:06/02 > JAS:06/02
264,CHOPPER,HN,IN,JAS,UTP,2025-06-02,2025-06-02,N-IN,C-HN-JAS:06/02 > UTP:06/02
265,CHOPPER,HS,OUT,SKL,NY,2025-06-04,2025-06-04,S-OUT,C-HS-SKL:06/04 > NY:06/04
266,CHOPPER,HS,IN,NY,SKL,2025-06-04,2025-06-04,S-IN,C-HS-NY:06/04 > SKL:06/04
267,CHOPPER,HS,OUT,SKL,WN,2025-06-04,2025-06-04,S-OUT,C-HS-SKL:06/04 > WN:06/04
268,CHOPPER,HS,IN,WN,SKL,2025-06-04,2025-06-04,S-IN,C-HS-WN:06/04 > SKL:06/04
269,CHOPPER,HN,OUT,UTP,JAS,2025-06-05,2025-06-05,N-OUT,C-HN-UTP:06/05 > JAS:06/05
270,CHOPPER,HN,IN,JAS,UTP,2025-06-05,2025-06-05,N-IN,C-HN-JAS:06/05 > UTP:06/05
271,CHOPPER,HN,OUT,UTP,JAS,2025-06-06,2025-06-06,N-OUT,C-HN-UTP:06/06 > JAS:06/06
272,CHOPPER,HN,IN,JAS,UTP,2025-06-06,2025-06-06,N-IN,C-HN-JAS:06/06 > UTP:06/06
273,CHOPPER,HS,OUT,SKL,WN,2025-06-06,2025-06-06,S-OUT,C-HS-SKL:06/06 > WN:06/06
274,CHOPPER,HS,IN,WN,SKL,2025-06-06,2025-06-06,S-IN,C-HS-WN:06/06 > SKL:06/06
275,CHOPPER,HN,OUT,UTP,JAS,2025-06-07,2025-06-07,N-OUT,C-HN-UTP:06/07 > JAS:06/07
276,CHOPPER,HN,IN,JAS,UTP,2025-06-07,2025-06-07,N-IN,C-HN-JAS:06/07 > UTP:06/07
277,CHOPPER,HN,OUT,UTP,MNA,2025-06-07,2025-06-07,N-OUT,C-HN-UTP:06/07 > MNA:06/07
278,CHOPPER,HN,IN,MNA,UTP,2025-06-07,2025-06-07,N-IN,C-HN-MNA:06/07 > UTP:06/07
279,CHOPPER,HN,OUT,UTP,JAS,2025-06-09,2025-06-09,N-OUT,C-HN-UTP:06/09 > JAS:06/09
280,CHOPPER,HN,IN,JAS,UTP,2025-06-09,2025-06-09,N-IN,C-HN-JAS:06/09 > UTP:06/09
281,CHOPPER,HN,OUT,UTP,MNA,2025-06-09,2025-06-09,N-OUT,C-HN-UTP:06/09 > MNA:06/09
282,CHOPPER,HN,IN,MNA,UTP,2025-06-09,2025-06-09,N-IN,C-HN-MNA:06/09 > UTP:06/09
283,CHOPPER,HS,OUT,SKL,NY,2025-06-11,2025-06-11,S-OUT,C-HS-SKL:06/11 > NY:06/11
284,CHOPPER,HS,IN,NY,SKL,2025-06-11,2025-06-11,S-IN,C-HS-NY:06/11 > SKL:06/11
285,CHOPPER,HS,OUT,SKL,WN,2025-06-11,2025-06-11,S-OUT,C-HS-SKL:06/11 > WN:06/11
286,CHOPPER,HS,IN,WN,SKL,2025-06-11,2025-06-11,S-IN,C-HS-WN:06/11 > SKL:06/11
287,CHOPPER,HN,OUT,UTP,JAS,2025-06-14,2025-06-14,N-OUT,C-HN-UTP:06/14 > JAS:06/14
288,CHOPPER,HN,IN,JAS,UTP,2025-06-14,2025-06-14,N-IN,C-HN-JAS:06/14 > UTP:06/14
289,CHOPPER,HN,OUT,UTP,MNA,2025-06-14,2025-06-14,N-OUT,C-HN-UTP:06/14 > MNA:06/14
290,CHOPPER,HN,IN,MNA,UTP,2025-06-14,2025-06-14,N-IN,C-HN-MNA:06/14 > UTP:06/14
291,CHOPPER,HS,OUT,SKL,NY,2025-06-14,2025-06-14,S-OUT,C-HS-SKL:06/14 > NY:06/14
292,CHOPPER,HS,IN,NY,SKL,2025-06-14,2025-06-14,S-IN,C-HS-NY:06/14 > SKL:06/14
293,CHOPPER,HN,OUT,UTP,JAS,2025-06-16,2025-06-16,N-OUT,C-HN-UTP:06/16 > JAS:06/16
294,CHOPPER,HN,IN,JAS,UTP,2025-06-16,2025-06-16,N-IN,C-HN-JAS:06/16 > UTP:06/16
295,CHOPPER,HS,OUT,SKL,NY,2025-06-18,2025-06-18,S-OUT,C-HS-SKL:06/18 > NY:06/18
296,CHOPPER,HS,IN,NY,SKL,2025-06-18,2025-06-18,S-IN,C-HS-NY:06/18 > SKL:06/18
297,CHOPPER,HS,OUT,SKL,WN,2025-06-18,2025-06-18,S-OUT,C-HS-SKL:06/18 > WN:06/18
298,CHOPPER,HS,IN,WN,SKL,2025-06-18,2025-06-18,S-IN,C-HS-WN:06/18 > SKL:06/18
299,CHOPPER,HN,OUT,UTP,JAS,2025-06-19,2025-06-19,N-OUT,C-HN-UTP:06/19 > JAS:06/19
300,CHOPPER,HN,IN,JAS,UTP,2025-06-19,2025-06-19,N-IN,C-HN-JAS:06/19 > UTP:06/19
301,CHOPPER,HS,OUT,SKL,WN,2025-06-20,2025-06-20,S-OUT,C-HS-SKL:06/20 > WN:06/20
302,CHOPPER,HS,IN,WN,SKL,2025-06-20,2025-06-20,S-IN,C-HS-WN:06/20 > SKL:06/20
303,CHOPPER,HN,OUT,UTP,JAS,2025-06-21,2025-06-21,N-OUT,C-HN-UTP:06/21 > JAS:06/21
304,CHOPPER,HN,IN,JAS,UTP,2025-06-21,2025-06-21,N-IN,C-HN-JAS:06/21 > UTP:06/21
305,CHOPPER,HN,OUT,UTP,MNA,2025-06-21,2025-06-21,N-OUT,C-HN-UTP:06/21 > MNA:06/21
306,CHOPPER,HN,IN,MNA,UTP,2025-06-21,2025-06-21,N-IN,C-HN-MNA:06/21 > UTP:06/21
307,CHOPPER,HN,OUT,UTP,JAS,2025-06-23,2025-06-23,N-OUT,C-HN-UTP:06/23 > JAS:06/23
308,CHOPPER,HN,IN,JAS,UTP,2025-06-23,2025-06-23,N-IN,C-HN-JAS:06/23 > UTP:06/23
309,CHOPPER,HN,OUT,UTP,MNA,2025-06-23,2025-06-23,N-OUT,C-HN-UTP:06/23 > MNA:06/23
310,CHOPPER,HN,IN,MNA,UTP,2025-06-23,2025-06-23,N-IN,C-HN-MNA:06/23 > UTP:06/23
311,CHOPPER,HS,OUT,SKL,NY,2025-06-25,2025-06-25,S-OUT,C-HS-SKL:06/25 > NY:06/25
312,CHOPPER,HS,IN,NY,SKL,2025-06-25,2025-06-25,S-IN,C-HS-NY:06/25 > SKL:06/25
313,CHOPPER,HS,OUT,SKL,WN,2025-06-25,2025-06-25,S-OUT,C-HS-SKL:06/25 > WN:06/25
314,CHOPPER,HS,IN,WN,SKL,2025-06-25,2025-06-25,S-IN,C-HS-WN:06/25 > SKL:06/25
315,CHOPPER,HS,OUT,SKL,WN,2025-06-27,2025-06-27,S-OUT,C-HS-SKL:06/27 > WN:06/27
316,CHOPPER,HS,IN,WN,SKL,2025-06-27,2025-06-27,S-IN,C-HS-WN:06/27 > SKL:06/27
317,CHOPPER,HN,OUT,UTP,JAS,2025-06-28,2025-06-28,N-OUT,C-HN-UTP:06/28 > JAS:06/28
318,CHOPPER,HN,IN,JAS,UTP,2025-06-28,2025-06-28,N-IN,C-HN-JAS:06/28 > UTP:06/28
319,CHOPPER,HN,OUT,UTP,MNA,2025-06-28,2025-06-28,N-OUT,C-HN-UTP:06/28 > MNA:06/28
320,CHOPPER,HN,IN,MNA,UTP,2025-06-28,2025-06-28,N-IN,C-HN-MNA:06/28 > UTP:06/28
321,CHOPPER,HS,OUT,SKL,NY,2025-06-28,2025-06-28,S-OUT,C-HS-SKL:06/28 > NY:06/28
322,CHOPPER,HS,IN,NY,SKL,2025-06-28,2025-06-28,S-IN,C-HS-NY:06/28 > SKL:06/28
323,CHOPPER,HN,OUT,UTP,JAS,2025-06-30,2025-06-30,N-OUT,C-HN-UTP:06/30 > JAS:06/30
324,CHOPPER,HN,IN,JAS,UTP,2025-06-30,2025-06-30,N-IN,C-HN-JAS:06/30 > UTP:06/30
325,CHOPPER,HS,OUT,SKL,NY,2025-07-02,2025-07-02,S-OUT,C-HS-SKL:07/02 > NY:07/02
326,CHOPPER,HS,IN,NY,SKL,2025-07-02,2025-07-02,S-IN,C-HS-NY:07/02 > SKL:07/02
327,CHOPPER,HS,OUT,SKL,WN,2025-07-02,2025-07-02,S-OUT,C-HS-SKL:07/02 > WN:07/02
328,CHOPPER,HS,IN,WN,SKL,2025-07-02,2025-07-02,S-IN,C-HS-WN:07/02 > SKL:07/02
329,CHOPPER,HN,OUT,UTP,JAS,2025-07-03,2025-07-03,N-OUT,C-HN-UTP:07/03 > JAS:07/03
330,CHOPPER,HN,IN,JAS,UTP,2025-07-03,2025-07-03,N-IN,C-HN-JAS:07/03 > UTP:07/03
331,CHOPPER,HS,OUT,SKL,WN,2025-07-04,2025-07-04,S-OUT,C-HS-SKL:07/04 > WN:07/04
332,CHOPPER,HS,IN,WN,SKL,2025-07-04,2025-07-04,S-IN,C-HS-WN:07/04 > SKL:07/04
333,CHOPPER,HN,OUT,UTP,JAS,2025-07-05,2025-07-05,N-OUT,C-HN-UTP:07/05 > JAS:07/05
334,CHOPPER,HN,IN,JAS,UTP,2025-07-05,2025-07-05,N-IN,C-HN-JAS:07/05 > UTP:07/05
335,CHOPPER,HN,OUT,UTP,MNA,2025-07-05,2025-07-05,N-OUT,C-HN-UTP:07/05 > MNA:07/05
336,CHOPPER,HN,IN,MNA,UTP,2025-07-05,2025-07-05,N-IN,C-HN-MNA:07/05 > UTP:07/05
337,CHOPPER,HS,OUT,SKL,NY,2025-07-05,2025-07-05,S-OUT,C-HS-SKL:07/05 > NY:07/05
338,CHOPPER,HS,IN,NY,SKL,2025-07-05,2025-07-05,S-IN,C-HS-NY:07/05 > SKL:07/05
339,CHOPPER,HN,OUT,UTP,JAS,2025-07-07,2025-07-07,N-OUT,C-HN-UTP:07/07 > JAS:07/07
340,CHOPPER,HN,IN,JAS,UTP,2025-07-07,2025-07-07,N-IN,C-HN-JAS:07/07 > UTP:07/07
341,CHOPPER,HN,OUT,UTP,MNA,2025-07-07,2025-07-07,N-OUT,C-HN-UTP:07/07 > MNA:07/07
342,CHOPPER,HN,IN,MNA,UTP,2025-07-07,2025-07-07,N-IN,C-HN-MNA:07/07 > UTP:07/07
343,CHOPPER,HS,OUT,SKL,NY,2025-07-09,2025-07-09,S-OUT,C-HS-SKL:07/09 > NY:07/09
344,CHOPPER,HS,IN,NY,SKL,2025-07-09,2025-07-09,S-IN,C-HS-NY:07/09 > SKL:07/09
345,CHOPPER,HS,OUT,SKL,WN,2025-07-09,2025-07-09,S-OUT,C-HS-SKL:07/09 > WN:07/09
346,CHOPPER,HS,IN,WN,SKL,2025-07-09,2025-07-09,S-IN,C-HS-WN:07/09 > SKL:07/09
347,CHOPPER,HN,OUT,UTP,JAS,2025-07-10,2025-07-10,N-OUT,C-HN-UTP:07/10 > JAS:07/10
348,CHOPPER,HN,IN,JAS,UTP,2025-07-10,2025-07-10,N-IN,C-HN-JAS:07/10 > UTP:07/10
349,CHOPPER,HN,OUT,UTP,JAS,2025-07-12,2025-07-12,N-OUT,C-HN-UTP:07/12 > JAS:07/12
350,CHOPPER,HN,IN,JAS,UTP,2025-07-12,2025-07-12,N-IN,C-HN-JAS:07/12 > UTP:07/12
351,CHOPPER,HN,OUT,UTP,MNA,2025-07-12,2025-07-12,N-OUT,C-HN-UTP:07/12 > MNA:07/12
352,CHOPPER,HN,IN,MNA,UTP,2025-07-12,2025-07-12,N-IN,C-HN-MNA:07/12 > UTP:07/12
353,CHOPPER,HN,OUT,UTP,JAS,2025-07-14,2025-07-14,N-OUT,C-HN-UTP:07/14 > JAS:07/14
354,CHOPPER,HN,IN,JAS,UTP,2025-07-14,2025-07-14,N-IN,C-HN-JAS:07/14 > UTP:07/14
355,CHOPPER,HS,OUT,SKL,NY,2025-07-16,2025-07-16,S-OUT,C-HS-SKL:07/16 > NY:07/16
356,CHOPPER,HS,IN,NY,SKL,2025-07-16,2025-07-16,S-IN,C-HS-NY:07/16 > SKL:07/16
357,CHOPPER,HS,OUT,SKL,WN,2025-07-16,2025-07-16,S-OUT,C-HS-SKL:07/16 > WN:07/16
358,CHOPPER,HS,IN,WN,SKL,2025-07-16,2025-07-16,S-IN,C-HS-WN:07/16 > SKL:07/16
359,CHOPPER,HN,OUT,UTP,JAS,2025-07-17,2025-07-17,N-OUT,C-HN-UTP:07/17 > JAS:07/17
360,CHOPPER,HN,IN,JAS,UTP,2025-07-17,2025-07-17,N-IN,C-HN-JAS:07/17 > UTP:07/17
361,CHOPPER,HS,OUT,SKL,WN,2025-07-18,2025-07-18,S-OUT,C-HS-SKL:07/18 > WN:07/18
362,CHOPPER,HS,IN,WN,SKL,2025-07-18,2025-07-18,S-IN,C-HS-WN:07/18 > SKL:07/18
363,CHOPPER,HN,OUT,UTP,JAS,2025-07-19,2025-07-19,N-OUT,C-HN-UTP:07/19 > JAS:07/19
364,CHOPPER,HN,IN,JAS,UTP,2025-07-19,2025-07-19,N-IN,C-HN-JAS:07/19 > UTP:07/19
365,CHOPPER,HN,OUT,UTP,MNA,2025-07-19,2025-07-19,N-OUT,C-HN-UTP:07/19 > MNA:07/19
366,CHOPPER,HN,IN,MNA,UTP,2025-07-19,2025-07-19,N-IN,C-HN-MNA:07/19 > UTP:07/19
367,CHOPPER,HN,OUT,UTP,JAS,2025-07-21,2025-07-21,N-OUT,C-HN-UTP:07/21 > JAS:07/21
368,CHOPPER,HN,IN,JAS,UTP,2025-07-21,2025-07-21,N-IN,C-HN-JAS:07/21 > UTP:07/21
369,CHOPPER,HN,OUT,UTP,MNA,2025-07-21,2025-07-21,N-OUT,C-HN-UTP:07/21 > MNA:07/21
370,CHOPPER,HN,IN,MNA,UTP,2025-07-21,2025-07-21,N-IN,C-HN-MNA:07/21 > UTP:07/21
371,CHOPPER,HS,OUT,SKL,NY,2025-07-23,2025-07-23,S-OUT,C-HS-SKL:07/23 > NY:07/23
372,CHOPPER,HS,IN,NY,SKL,2025-07-23,2025-07-23,S-IN,C-HS-NY:07/23 > SKL:07/23
373,CHOPPER,HS,OUT,SKL,WN,2025-07-23,2025-07-23,S-OUT,C-HS-SKL:07/23 > WN:07/23
374,CHOPPER,HS,IN,WN,SKL,2025-07-23,2025-07-23,S-IN,C-HS-WN:07/23 > SKL:07/23
375,CHOPPER,HS,OUT,SKL,WN,2025-07-25,2025-07-25,S-OUT,C-HS-SKL:07/25 > WN:07/25
376,CHOPPER,HS,IN,WN,SKL,2025-07-25,2025-07-25,S-IN,C-HS-WN:07/25 > SKL:07/25
377,CHOPPER,HN,OUT,UTP,JAS,2025-07-26,2025-07-26,N-OUT,C-HN-UTP:07/26 > JAS:07/26
378,CHOPPER,HN,IN,JAS,UTP,2025-07-26,2025-07-26,N-IN,C-HN-JAS:07/26 > UTP:07/26
379,CHOPPER,HN,OUT,UTP,MNA,2025-07-26,2025-07-26,N-OUT,C-HN-UTP:07/26 > MNA:07/26
380,CHOPPER,HN,IN,MNA,UTP,2025-07-26,2025-07-26,N-IN,C-HN-MNA:07/26 > UTP:07/26
381,CHOPPER,HS,OUT,SKL,NY,2025-07-26,2025-07-26,S-OUT,C-HS-SKL:07/26 > NY:07/26
382,CHOPPER,HS,IN,NY,SKL,2025-07-26,2025-07-26,S-IN,C-HS-NY:07/26 > SKL:07/26
383,CHOPPER,HN,OUT,UTP,JAS,2025-07-28,2025-07-28,N-OUT,C-HN-UTP:07/28 > JAS:07/28
384,CHOPPER,HN,IN,JAS,UTP,2025-07-28,2025-07-28,N-IN,C-HN-JAS:07/28 > UTP:07/28
385,CHOPPER,HS,OUT,SKL,NY,2025-07-30,2025-07-30,S-OUT,C-HS-SKL:07/30 > NY:07/30
386,CHOPPER,HS,IN,NY,SKL,2025-07-30,2025-07-30,S-IN,C-HS-NY:07/30 > SKL:07/30
387,CHOPPER,HS,OUT,SKL,WN,2025-07-30,2025-07-30,S-OUT,C-HS-SKL:07/30 > WN:07/30
388,CHOPPER,HS,IN,WN,SKL,2025-07-30,2025-07-30,S-IN,C-HS-WN:07/30 > SKL:07/30
389,CHOPPER,HN,OUT,UTP,JAS,2025-07-31,2025-07-31,N-OUT,C-HN-UTP:07/31 > JAS:07/31
390,CHOPPER,HN,IN,JAS,UTP,2025-07-31,2025-07-31,N-IN,C-HN-JAS:07/31 > UTP:07/31
391,CHOPPER,HS,OUT,SKL,WN,2025-08-01,2025-08-01,S-OUT,C-HS-SKL:08/01 > WN:08/01
392,CHOPPER,HS,IN,WN,SKL,2025-08-01,2025-08-01,S-IN,C-HS-WN:08/01 > SKL:08/01
393,CHOPPER,HN,OUT,UTP,JAS,2025-08-02,2025-08-02,N-OUT,C-HN-UTP:08/02 > JAS:08/02
394,CHOPPER,HN,IN,JAS,UTP,2025-08-02,2025-08-02,N-IN,C-HN-JAS:08/02 > UTP:08/02
395,CHOPPER,HN,OUT,UTP,MNA,2025-08-02,2025-08-02,N-OUT,C-HN-UTP:08/02 > MNA:08/02
396,CHOPPER,HN,IN,MNA,UTP,2025-08-02,2025-08-02,N-IN,C-HN-MNA:08/02 > UTP:08/02
397,CHOPPER,HN,OUT,UTP,JAS,2025-08-04,2025-08-04,N-OUT,C-HN-UTP:08/04 > JAS:08/04
398,CHOPPER,HN,IN,JAS,UTP,2025-08-04,2025-08-04,N-IN,C-HN-JAS:08/04 > UTP:08/04
399,CHOPPER,HN,OUT,UTP,MNA,2025-08-04,2025-08-04,N-OUT,C-HN-UTP:08/04 > MNA:08/04
400,CHOPPER,HN,IN,MNA,UTP,2025-08-04,2025-08-04,N-IN,C-HN-MNA:08/04 > UTP:08/04
401,CHOPPER,HS,OUT,SKL,NY,2025-08-06,2025-08-06,S-OUT,C-HS-SKL:08/06 > NY:08/06
402,CHOPPER,HS,IN,NY,SKL,2025-08-06,2025-08-06,S-IN,C-HS-NY:08/06 > SKL:08/06
403,CHOPPER,HS,OUT,SKL,WN,2025-08-06,2025-08-06,S-OUT,C-HS-SKL:08/06 > WN:08/06
404,CHOPPER,HS,IN,WN,SKL,2025-08-06,2025-08-06,S-IN,C-HS-WN:08/06 > SKL:08/06
405,CHOPPER,HN,OUT,UTP,JAS,2025-08-09,2025-08-09,N-OUT,C-HN-UTP:08/09 > JAS:08/09
406,CHOPPER,HN,IN,JAS,UTP,2025-08-09,2025-08-09,N-IN,C-HN-JAS:08/09 > UTP:08/09
407,CHOPPER,HN,OUT,UTP,MNA,2025-08-09,2025-08-09,N-OUT,C-HN-UTP:08/09 > MNA:08/09
408,CHOPPER,HN,IN,MNA,UTP,2025-08-09,2025-08-09,N-IN,C-HN-MNA:08/09 > UTP:08/09
409,CHOPPER,HN,OUT,UTP,JAS,2025-08-11,2025-08-11,N-OUT,C-HN-UTP:08/11 > JAS:08/11
410,CHOPPER,HN,IN,JAS,UTP,2025-08-11,2025-08-11,N-IN,C-HN-JAS:08/11 > UTP:08/11
411,CHOPPER,HS,OUT,SKL,NY,2025-08-13,2025-08-13,S-OUT,C-HS-SKL:08/13 > NY:08/13
412,CHOPPER,HS,IN,NY,SKL,2025-08-13,2025-08-13,S-IN,C-HS-NY:08/13 > SKL:08/13
413,CHOPPER,HS,OUT,SKL,WN,2025-08-13,2025-08-13,S-OUT,C-HS-SKL:08/13 > WN:08/13
414,CHOPPER,HS,IN,WN,SKL,2025-08-13,2025-08-13,S-IN,C-HS-WN:08/13 > SKL:08/13
415,CHOPPER,HN,OUT,UTP,JAS,2025-08-14,2025-08-14,N-OUT,C-HN-UTP:08/14 > JAS:08/14
416,CHOPPER,HN,IN,JAS,UTP,2025-08-14,2025-08-14,N-IN,C-HN-JAS:08/14 > UTP:08/14
417,CHOPPER,HS,OUT,SKL,WN,2025-08-15,2025-08-15,S-OUT,C-HS-SKL:08/15 > WN:08/15
418,CHOPPER,HS,IN,WN,SKL,2025-08-15,2025-08-15,S-IN,C-HS-WN:08/15 > SKL:08/15
419,CHOPPER,HN,OUT,UTP,JAS,2025-08-16,2025-08-16,N-OUT,C-HN-UTP:08/16 > JAS:08/16
420,CHOPPER,HN,IN,JAS,UTP,2025-08-16,2025-08-16,N-IN,C-HN-JAS:08/16 > UTP:08/16
421,CHOPPER,HN,OUT,UTP,MNA,2025-08-16,2025-08-16,N-OUT,C-HN-UTP:08/16 > MNA:08/16
422,CHOPPER,HN,IN,MNA,UTP,2025-08-16,2025-08-16,N-IN,C-HN-MNA:08/16 > UTP:08/16
423,CHOPPER,HS,OUT,SKL,NY,2025-08-16,2025-08-16,S-OUT,C-HS-SKL:08/16 > NY:08/16
424,CHOPPER,HS,IN,NY,SKL,2025-08-16,2025-08-16,S-IN,C-HS-NY:08/16 > SKL:08/16
425,CHOPPER,HN,OUT,UTP,JAS,2025-08-18,2025-08-18,N-OUT,C-HN-UTP:08/18 > JAS:08/18
426,CHOPPER,HN,IN,JAS,UTP,2025-08-18,2025-08-18,N-IN,C-HN-JAS:08/18 > UTP:08/18
427,CHOPPER,HN,OUT,UTP,MNA,2025-08-18,2025-08-18,N-OUT,C-HN-UTP:08/18 > MNA:08/18
428,CHOPPER,HN,IN,MNA,UTP,2025-08-18,2025-08-18,N-IN,C-HN-MNA:08/18 > UTP:08/18
429,CHOPPER,HS,OUT,SKL,NY,2025-08-20,2025-08-20,S-OUT,C-HS-SKL:08/20 > NY:08/20
430,CHOPPER,HS,IN,NY,SKL,2025-08-20,2025-08-20,S-IN,C-HS-NY:08/20 > SKL:08/20
431,CHOPPER,HS,OUT,SKL,WN,2025-08-20,2025-08-20,S-OUT,C-HS-SKL:08/20 > WN:08/20
432,CHOPPER,HS,IN,WN,SKL,2025-08-20,2025-08-20,S-IN,C-HS-WN:08/20 > SKL:08/20
433,CHOPPER,HN,OUT,UTP,JAS,2025-08-21,2025-08-21,N-OUT,C-HN-UTP:08/21 > JAS:08/21
434,CHOPPER,HN,IN,JAS,UTP,2025-08-21,2025-08-21,N-IN,C-HN-JAS:08/21 > UTP:08/21
435,CHOPPER,HS,OUT,SKL,WN,2025-08-22,2025-08-22,S-OUT,C-HS-SKL:08/22 > WN:08/22
436,CHOPPER,HS,IN,WN,SKL,2025-08-22,2025-08-22,S-IN,C-HS-WN:08/22 > SKL:08/22
437,CHOPPER,HN,OUT,UTP,JAS,2025-08-23,2025-08-23,N-OUT,C-HN-UTP:08/23 > JAS:08/23
438,CHOPPER,HN,IN,JAS,UTP,2025-08-23,2025-08-23,N-IN,C-HN-JAS:08/23 > UTP:08/23
439,CHOPPER,HN,OUT,UTP,MNA,2025-08-23,2025-08-23,N-OUT,C-HN-UTP:08/23 > MNA:08/23
440,CHOPPER,HN,IN,MNA,UTP,2025-08-23,2025-08-23,N-IN,C-HN-MNA:08/23 > UTP:08/23
441,CHOPPER,HS,OUT,SKL,NY,2025-08-23,2025-08-23,S-OUT,C-HS-SKL:08/23 > NY:08/23
442,CHOPPER,HS,IN,NY,SKL,2025-08-23,2025-08-23,S-IN,C-HS-NY:08/23 > SKL:08/23
443,CHOPPER,HN,OUT,UTP,JAS,2025-08-25,2025-08-25,N-OUT,C-HN-UTP:08/25 > JAS:08/25
444,CHOPPER,HN,IN,JAS,UTP,2025-08-25,2025-08-25,N-IN,C-HN-JAS:08/25 > UTP:08/25
445,CHOPPER,HS,OUT,SKL,NY,2025-08-27,2025-08-27,S-OUT,C-HS-SKL:08/27 > NY:08/27
446,CHOPPER,HS,IN,NY,SKL,2025-08-27,2025-08-27,S-IN,C-HS-NY:08/27 > SKL:08/27
447,CHOPPER,HS,OUT,SKL,WN,2025-08-27,2025-08-27,S-OUT,C-HS-SKL:08/27 > WN:08/27
448,CHOPPER,HS,IN,WN,SKL,2025-08-27,2025-08-27,S-IN,C-HS-WN:08/27 > SKL:08/27
449,CHOPPER,HN,OUT,UTP,JAS,2025-08-28,2025-08-28,N-OUT,C-HN-UTP:08/28 > JAS:08/28
450,CHOPPER,HN,IN,JAS,UTP,2025-08-28,2025-08-28,N-IN,C-HN-JAS:08/28 > UTP:08/28
451,CHOPPER,HS,OUT,SKL,WN,2025-08-29,2025-08-29,S-OUT,C-HS-SKL:08/29 > WN:08/29
452,CHOPPER,HS,IN,WN,SKL,2025-08-29,2025-08-29,S-IN,C-HS-WN:08/29 > SKL:08/29
453,CHOPPER,HN,OUT,UTP,JAS,2025-08-30,2025-08-30,N-OUT,C-HN-UTP:08/30 > JAS:08/30
454,CHOPPER,HN,IN,JAS,UTP,2025-08-30,2025-08-30,N-IN,C-HN-JAS:08/30 > UTP:08/30
455,CHOPPER,HN,OUT,UTP,MNA,2025-08-30,2025-08-30,N-OUT,C-HN-UTP:08/30 > MNA:08/30
456,CHOPPER,HN,IN,MNA,UTP,2025-08-30,2025-08-30,N-IN,C-HN-MNA:08/30 > UTP:08/30
457,CHOPPER,HN,OUT,UTP,JAS,2025-09-01,2025-09-01,N-OUT,C-HN-UTP:09/01 > JAS:09/01
458,CHOPPER,HN,IN,JAS,UTP,2025-09-01,2025-09-01,N-IN,C-HN-JAS:09/01 > UTP:09/01
459,CHOPPER,HN,OUT,UTP,MNA,2025-09-01,2025-09-01,N-OUT,C-HN-UTP:09/01 > MNA:09/01
460,CHOPPER,HN,IN,MNA,UTP,2025-09-01,2025-09-01,N-IN,C-HN-MNA:09/01 > UTP:09/01
461,CHOPPER,HS,OUT,SKL,NY,2025-09-03,2025-09-03,S-OUT,C-HS-SKL:09/03 > NY:09/03
462,CHOPPER,HS,IN,NY,SKL,2025-09-03,2025-09-03,S-IN,C-HS-NY:09/03 > SKL:09/03
463,CHOPPER,HS,OUT,SKL,WN,2025-09-03,2025-09-03,S-OUT,C-HS-SKL:09/03 > WN:09/03
464,CHOPPER,HS,IN,WN,SKL,2025-09-03,2025-09-03,S-IN,C-HS-WN:09/03 > SKL:09/03
465,CHOPPER,HN,OUT,UTP,JAS,2025-09-06,2025-09-06,N-OUT,C-HN-UTP:09/06 > JAS:09/06
466,CHOPPER,HN,IN,JAS,UTP,2025-09-06,2025-09-06,N-IN,C-HN-JAS:09/06 > UTP:09/06
467,CHOPPER,HN,OUT,UTP,MNA,2025-09-06,2025-09-06,N-OUT,C-HN-UTP:09/06 > MNA:09/06
468,CHOPPER,HN,IN,MNA,UTP,2025-09-06,2025-09-06,N-IN,C-HN-MNA:09/06 > UTP:09/06
469,CHOPPER,HS,OUT,SKL,NY,2025-09-06,2025-09-06,S-OUT,C-HS-SKL:09/06 > NY:09/06
470,CHOPPER,HS,IN,NY,SKL,2025-09-06,2025-09-06,S-IN,C-HS-NY:09/06 > SKL:09/06
471,CHOPPER,HN,OUT,UTP,JAS,2025-09-08,2025-09-08,N-OUT,C-HN-UTP:09/08 > JAS:09/08
472,CHOPPER,HN,IN,JAS,UTP,2025-09-08,2025-09-08,N-IN,C-HN-JAS:09/08 > UTP:09/08
473,CHOPPER,HS,OUT,SKL,NY,2025-09-10,2025-09-10,S-OUT,C-HS-SKL:09/10 > NY:09/10
474,CHOPPER,HS,IN,NY,SKL,2025-09-10,2025-09-10,S-IN,C-HS-NY:09/10 > SKL:09/10
475,CHOPPER,HS,OUT,SKL,WN,2025-09-10,2025-09-10,S-OUT,C-HS-SKL:09/10 > WN:09/10
476,CHOPPER,HS,IN,WN,SKL,2025-09-10,2025-09-10,S-IN,C-HS-WN:09/10 > SKL:09/10
477,CHOPPER,HN,OUT,UTP,JAS,2025-09-11,2025-09-11,N-OUT,C-HN-UTP:09/11 > JAS:09/11
478,CHOPPER,HN,IN,JAS,UTP,2025-09-11,2025-09-11,N-IN,C-HN-JAS:09/11 > UTP:09/11
479,CHOPPER,HS,OUT,SKL,WN,2025-09-12,2025-09-12,S-OUT,C-HS-SKL:09/12 > WN:09/12
480,CHOPPER,HS,IN,WN,SKL,2025-09-12,2025-09-12,S-IN,C-HS-WN:09/12 > SKL:09/12
481,CHOPPER,HN,OUT,UTP,JAS,2025-09-13,2025-09-13,N-OUT,C-HN-UTP:09/13 > JAS:09/13
482,CHOPPER,HN,IN,JAS,UTP,2025-09-13,2025-09-13,N-IN,C-HN-JAS:09/13 > UTP:09/13
483,CHOPPER,HN,OUT,UTP,MNA,2025-09-13,2025-09-13,N-OUT,C-HN-UTP:09/13 > MNA:09/13
484,CHOPPER,HN,IN,MNA,UTP,2025-09-13,2025-09-13,N-IN,C-HN-MNA:09/13 > UTP:09/13
485,CHOPPER,HN,OUT,UTP,JAS,2025-09-15,2025-09-15,N-OUT,C-HN-UTP:09/15 > JAS:09/15
486,CHOPPER,HN,IN,JAS,UTP,2025-09-15,2025-09-15,N-IN,C-HN-JAS:09/15 > UTP:09/15
487,CHOPPER,HN,OUT,UTP,MNA,2025-09-15,2025-09-15,N-OUT,C-HN-UTP:09/15 > MNA:09/15
488,CHOPPER,HN,IN,MNA,UTP,2025-09-15,2025-09-15,N-IN,C-HN-MNA:09/15 > UTP:09/15
489,CHOPPER,HS,OUT,SKL,NY,2025-09-17,2025-09-17,S-OUT,C-HS-SKL:09/17 > NY:09/17
490,CHOPPER,HS,IN,NY,SKL,2025-09-17,2025-09-17,S-IN,C-HS-NY:09/17 > SKL:09/17
491,CHOPPER,HS,OUT,SKL,WN,2025-09-17,2025-09-17,S-OUT,C-HS-SKL:09/17 > WN:09/17
492,CHOPPER,HS,IN,WN,SKL,2025-09-17,2025-09-17,S-IN,C-HS-WN:09/17 > SKL:09/17
493,CHOPPER,HS,OUT,SKL,WN,2025-09-19,2025-09-19,S-OUT,C-HS-SKL:09/19 > WN:09/19
494,CHOPPER,HS,IN,WN,SKL,2025-09-19,2025-09-19,S-IN,C-HS-WN:09/19 > SKL:09/19
495,CHOPPER,HN,OUT,UTP,JAS,2025-09-20,2025-09-20,N-OUT,C-HN-UTP:09/20 > JAS:09/20
496,CHOPPER,HN,IN,JAS,UTP,2025-09-20,2025-09-20,N-IN,C-HN-JAS:09/20 > UTP:09/20
497,CHOPPER,HN,OUT,UTP,MNA,2025-09-20,2025-09-20,N-OUT,C-HN-UTP:09/20 > MNA:09/20
498,CHOPPER,HN,IN,MNA,UTP,2025-09-20,2025-09-20,N-IN,C-HN-MNA:09/20 > UTP:09/20
499,CHOPPER,HS,OUT,SKL,NY,2025-09-20,2025-09-20,S-OUT,C-HS-SKL:09/20 > NY:09/20
500,CHOPPER,HS,IN,NY,SKL,2025-09-20,2025-09-20,S-IN,C-HS-NY:09/20 > SKL:09/20
501,CHOPPER,HN,OUT,UTP,JAS,2025-09-22,2025-09-22,N-OUT,C-HN-UTP:09/22 > JAS:09/22
502,CHOPPER,HN,IN,JAS,UTP,2025-09-22,2025-09-22,N-IN,C-HN-JAS:09/22 > UTP:09/22
503,CHOPPER,HS,OUT,SKL,NY,2025-09-24,2025-09-24,S-OUT,C-HS-SKL:09/24 > NY:09/24
504,CHOPPER,HS,IN,NY,SKL,2025-09-24,2025-09-24,S-IN,C-HS-NY:09/24 > SKL:09/24
505,CHOPPER,HS,OUT,SKL,WN,2025-09-24,2025-09-24,S-OUT,C-HS-SKL:09/24 > WN:09/24
506,CHOPPER,HS,IN,WN,SKL,2025-09-24,2025-09-24,S-IN,C-HS-WN:09/24 > SKL:09/24
507,CHOPPER,HN,OUT,UTP,JAS,2025-09-25,2025-09-25,N-OUT,C-HN-UTP:09/25 > JAS:09/25
508,CHOPPER,HN,IN,JAS,UTP,2025-09-25,2025-09-25,N-IN,C-HN-JAS:09/25 > UTP:09/25
509,CHOPPER,HS,OUT,SKL,WN,2025-09-26,2025-09-26,S-OUT,C-HS-SKL:09/26 > WN:09/26
510,CHOPPER,HS,IN,WN,SKL,2025-09-26,2025-09-26,S-IN,C-HS-WN:09/26 > SKL:09/26
511,CHOPPER,HN,OUT,UTP,JAS,2025-09-27,2025-09-27,N-OUT,C-HN-UTP:09/27 > JAS:09/27
512,CHOPPER,HN,IN,JAS,UTP,2025-09-27,2025-09-27,N-IN,C-HN-JAS:09/27 > UTP:09/27
513,CHOPPER,HN,OUT,UTP,MNA,2025-09-27,2025-09-27,N-OUT,C-HN-UTP:09/27 > MNA:09/27
514,CHOPPER,HN,IN,MNA,UTP,2025-09-27,2025-09-27,N-IN,C-HN-MNA:09/27 > UTP:09/27
515,CHOPPER,HS,OUT,SKL,NY,2025-09-27,2025-09-27,S-OUT,C-HS-SKL:09/27 > NY:09/27
516,CHOPPER,HS,IN,NY,SKL,2025-09-27,2025-09-27,S-IN,C-HS-NY:09/27 > SKL:09/27
517,CHOPPER,HN,OUT,UTP,JAS,2025-09-29,2025-09-29,N-OUT,C-HN-UTP:09/29 > JAS:09/29
518,CHOPPER,HN,IN,JAS,UTP,2025-09-29,2025-09-29,N-IN,C-HN-JAS:09/29 > UTP:09/29
519,CHOPPER,HN,OUT,UTP,MNA,2025-09-29,2025-09-29,N-OUT,C-HN-UTP:09/29 > MNA:09/29
520,CHOPPER,HN,IN,MNA,UTP,2025-09-29,2025-09-29,N-IN,C-HN-MNA:09/29 > UTP:09/29
